"file_id","input_path","output_path","score","Category","app1","app2","app3","app4","app5","app6","app7","app8","app9","app10","dob1","dob2","dob3","dob4","dob5","dob6","dob7","dob8","q1","q2","q3","q4","q5","q6","q7","q8","q9","q10","q11","q12","q13","q14","q15","q16","q17","q18","q19","q20","q21","q22","q23","q24","q25","q26","q27","q28","q29","q30","q31","q32","q33","q34","q35","q36","q37","q38","q39","q40"
"Filled_OMR_001.png","sample_images/Filled_OMR_001.png","omr_output/Manual/ErrorFiles/Filled_OMR_001.png","NA","","","","","","","","","","","","","","","","","","","","","","","","","","","","","","","","","","","","","","","","","","","","","","","","","","","","","","","","","","",""
"Filled_OMR_002.png","sample_images/Filled_OMR_002.png","omr_output/Manual/ErrorFiles/Filled_OMR_002.png","NA","","","","","","","","","","","","","","","","","","","","","","","","","","","","","","","","","","","","","","","","","","","","","","","","","","","","","","","","","","",""
"Filled_OMR_003.png","sample_images/Filled_OMR_003.png","omr_output/Manual/ErrorFiles/Filled_OMR_003.png","NA","","","","","","","","","","","","","","","","","","","","","","","","","","","","","","","","","","","","","","","","","","","","","","","","","","","","","","","","","","",""
"Filled_OMR_004.png","sample_images/Filled_OMR_004.png","omr_output/Manual/ErrorFiles/Filled_OMR_004.png","NA","","","","","","","","","","","","","","","","","","","","","","","","","","","","","","","","","","","","","","","","","","","","","","","","","","","","","","","","","","",""
"Filled_OMR_005.png","sample_images/Filled_OMR_005.png","omr_output/Manual/ErrorFiles/Filled_OMR_005.png","NA","","","","","","","","","","","","","","","","","","","","","","","","","","","","","","","","","","","","","","","","","","","","","","","","","","","","","","","","","","",""
"Filled_OMR_006.png","sample_images/Filled_OMR_006.png","omr_output/Manual/ErrorFiles/Filled_OMR_006.png","NA","","","","","","","","","","","","","","","","","","","","","","","","","","","","","","","","","","","","","","","","","","","","","","","","","","","","","","","","","","",""
"Filled_OMR_007.png","sample_images/Filled_OMR_007.png","omr_output/Manual/ErrorFiles/Filled_OMR_007.png","NA","","","","","","","","","","","","","","","","","","","","","","","","","","","","","","","","","","","","","","","","","","","","","","","","","","","","","","","","","","",""
"Filled_OMR_008.png","sample_images/Filled_OMR_008.png","omr_output/Manual/ErrorFiles/Filled_OMR_008.png","NA","","","","","","","","","","","","","","","","","","","","","","","","","","","","","","","","","","","","","","","","","","","","","","","","","","","","","","","","","","",""
"Filled_OMR_009.png","sample_images/Filled_OMR_009.png","omr_output/Manual/ErrorFiles/Filled_OMR_009.png","NA","","","","","","","","","","","","","","","","","","","","","","","","","","","","","","","","","","","","","","","","","","","","","","","","","","","","","","","","","","",""
"Filled_OMR_010.png","sample_images/Filled_OMR_010.png","omr_output/Manual/ErrorFiles/Filled_OMR_010.png","NA","","","","","","","","","","","","","","","","","","","","","","","","","","","","","","","","","","","","","","","","","","","","","","","","","","","","","","","","","","",""
"Filled_OMR_011.png","sample_images/Filled_OMR_011.png","omr_output/Manual/ErrorFiles/Filled_OMR_011.png","NA","","","","","","","","","","","","","","","","","","","","","","","","","","","","","","","","","","","","","","","","","","","","","","","","","","","","","","","","","","",""
"Filled_OMR_012.png","sample_images/Filled_OMR_012.png","omr_output/Manual/ErrorFiles/Filled_OMR_012.png","NA","","","","","","","","","","","","","","","","","","","","","","","","","","","","","","","","","","","","","","","","","","","","","","","","","","","","","","","","","","",""
"Filled_OMR_013.png","sample_images/Filled_OMR_013.png","omr_output/Manual/ErrorFiles/Filled_OMR_013.png","NA","","","","","","","","","","","","","","","","","","","","","","","","","","","","","","","","","","","","","","","","","","","","","","","","","","","","","","","","","","",""
"Filled_OMR_014.png","sample_images/Filled_OMR_014.png","omr_output/Manual/ErrorFiles/Filled_OMR_014.png","NA","","","","","","","","","","","","","","","","","","","","","","","","","","","","","","","","","","","","","","","","","","","","","","","","","","","","","","","","","","",""
"Filled_OMR_015.png","sample_images/Filled_OMR_015.png","omr_output/Manual/ErrorFiles/Filled_OMR_015.png","NA","","","","","","","","","","","","","","","","","","","","","","","","","","","","","","","","","","","","","","","","","","","","","","","","","","","","","","","","","","",""
"Filled_OMR_016.png","sample_images/Filled_OMR_016.png","omr_output/Manual/ErrorFiles/Filled_OMR_016.png","NA","","","","","","","","","","","","","","","","","","","","","","","","","","","","","","","","","","","","","","","","","","","","","","","","","","","","","","","","","","",""
"Filled_OMR_017.png","sample_images/Filled_OMR_017.png","omr_output/Manual/ErrorFiles/Filled_OMR_017.png","NA","","","","","","","","","","","","","","","","","","","","","","","","","","","","","","","","","","","","","","","","","","","","","","","","","","","","","","","","","","",""
"Filled_OMR_018.png","sample_images/Filled_OMR_018.png","omr_output/Manual/ErrorFiles/Filled_OMR_018.png","NA","","","","","","","","","","","","","","","","","","","","","","","","","","","","","","","","","","","","","","","","","","","","","","","","","","","","","","","","","","",""
"Filled_OMR_019.png","sample_images/Filled_OMR_019.png","omr_output/Manual/ErrorFiles/Filled_OMR_019.png","NA","","","","","","","","","","","","","","","","","","","","","","","","","","","","","","","","","","","","","","","","","","","","","","","","","","","","","","","","","","",""
"Filled_OMR_020.png","sample_images/Filled_OMR_020.png","omr_output/Manual/ErrorFiles/Filled_OMR_020.png","NA","","","","","","","","","","","","","","","","","","","","","","","","","","","","","","","","","","","","","","","","","","","","","","","","","","","","","","","","","","",""
"Filled_OMR_021.png","sample_images/Filled_OMR_021.png","omr_output/Manual/ErrorFiles/Filled_OMR_021.png","NA","","","","","","","","","","","","","","","","","","","","","","","","","","","","","","","","","","","","","","","","","","","","","","","","","","","","","","","","","","",""
"Filled_OMR_022.png","sample_images/Filled_OMR_022.png","omr_output/Manual/ErrorFiles/Filled_OMR_022.png","NA","","","","","","","","","","","","","","","","","","","","","","","","","","","","","","","","","","","","","","","","","","","","","","","","","","","","","","","","","","",""
"Filled_OMR_023.png","sample_images/Filled_OMR_023.png","omr_output/Manual/ErrorFiles/Filled_OMR_023.png","NA","","","","","","","","","","","","","","","","","","","","","","","","","","","","","","","","","","","","","","","","","","","","","","","","","","","","","","","","","","",""
"Filled_OMR_024.png","sample_images/Filled_OMR_024.png","omr_output/Manual/ErrorFiles/Filled_OMR_024.png","NA","","","","","","","","","","","","","","","","","","","","","","","","","","","","","","","","","","","","","","","","","","","","","","","","","","","","","","","","","","",""
"Filled_OMR_025.png","sample_images/Filled_OMR_025.png","omr_output/Manual/ErrorFiles/Filled_OMR_025.png","NA","","","","","","","","","","","","","","","","","","","","","","","","","","","","","","","","","","","","","","","","","","","","","","","","","","","","","","","","","","",""
"Filled_OMR_026.png","sample_images/Filled_OMR_026.png","omr_output/Manual/ErrorFiles/Filled_OMR_026.png","NA","","","","","","","","","","","","","","","","","","","","","","","","","","","","","","","","","","","","","","","","","","","","","","","","","","","","","","","","","","",""
"Filled_OMR_027.png","sample_images/Filled_OMR_027.png","omr_output/Manual/ErrorFiles/Filled_OMR_027.png","NA","","","","","","","","","","","","","","","","","","","","","","","","","","","","","","","","","","","","","","","","","","","","","","","","","","","","","","","","","","",""
"Filled_OMR_028.png","sample_images/Filled_OMR_028.png","omr_output/Manual/ErrorFiles/Filled_OMR_028.png","NA","","","","","","","","","","","","","","","","","","","","","","","","","","","","","","","","","","","","","","","","","","","","","","","","","","","","","","","","","","",""
"Filled_OMR_029.png","sample_images/Filled_OMR_029.png","omr_output/Manual/ErrorFiles/Filled_OMR_029.png","NA","","","","","","","","","","","","","","","","","","","","","","","","","","","","","","","","","","","","","","","","","","","","","","","","","","","","","","","","","","",""
"Filled_OMR_030.png","sample_images/Filled_OMR_030.png","omr_output/Manual/ErrorFiles/Filled_OMR_030.png","NA","","","","","","","","","","","","","","","","","","","","","","","","","","","","","","","","","","","","","","","","","","","","","","","","","","","","","","","","","","",""
"Filled_OMR_031.png","sample_images/Filled_OMR_031.png","omr_output/Manual/ErrorFiles/Filled_OMR_031.png","NA","","","","","","","","","","","","","","","","","","","","","","","","","","","","","","","","","","","","","","","","","","","","","","","","","","","","","","","","","","",""
"Filled_OMR_032.png","sample_images/Filled_OMR_032.png","omr_output/Manual/ErrorFiles/Filled_OMR_032.png","NA","","","","","","","","","","","","","","","","","","","","","","","","","","","","","","","","","","","","","","","","","","","","","","","","","","","","","","","","","","",""
"Filled_OMR_033.png","sample_images/Filled_OMR_033.png","omr_output/Manual/ErrorFiles/Filled_OMR_033.png","NA","","","","","","","","","","","","","","","","","","","","","","","","","","","","","","","","","","","","","","","","","","","","","","","","","","","","","","","","","","",""
"Filled_OMR_034.png","sample_images/Filled_OMR_034.png","omr_output/Manual/ErrorFiles/Filled_OMR_034.png","NA","","","","","","","","","","","","","","","","","","","","","","","","","","","","","","","","","","","","","","","","","","","","","","","","","","","","","","","","","","",""
"Filled_OMR_035.png","sample_images/Filled_OMR_035.png","omr_output/Manual/ErrorFiles/Filled_OMR_035.png","NA","","","","","","","","","","","","","","","","","","","","","","","","","","","","","","","","","","","","","","","","","","","","","","","","","","","","","","","","","","",""
"Filled_OMR_036.png","sample_images/Filled_OMR_036.png","omr_output/Manual/ErrorFiles/Filled_OMR_036.png","NA","","","","","","","","","","","","","","","","","","","","","","","","","","","","","","","","","","","","","","","","","","","","","","","","","","","","","","","","","","",""
"Filled_OMR_037.png","sample_images/Filled_OMR_037.png","omr_output/Manual/ErrorFiles/Filled_OMR_037.png","NA","","","","","","","","","","","","","","","","","","","","","","","","","","","","","","","","","","","","","","","","","","","","","","","","","","","","","","","","","","",""
"Filled_OMR_038.png","sample_images/Filled_OMR_038.png","omr_output/Manual/ErrorFiles/Filled_OMR_038.png","NA","","","","","","","","","","","","","","","","","","","","","","","","","","","","","","","","","","","","","","","","","","","","","","","","","","","","","","","","","","",""
"Filled_OMR_039.png","sample_images/Filled_OMR_039.png","omr_output/Manual/ErrorFiles/Filled_OMR_039.png","NA","","","","","","","","","","","","","","","","","","","","","","","","","","","","","","","","","","","","","","","","","","","","","","","","","","","","","","","","","","",""
"Filled_OMR_040.png","sample_images/Filled_OMR_040.png","omr_output/Manual/ErrorFiles/Filled_OMR_040.png","NA","","","","","","","","","","","","","","","","","","","","","","","","","","","","","","","","","","","","","","","","","","","","","","","","","","","","","","","","","","",""
"Filled_OMR_041.png","sample_images/Filled_OMR_041.png","omr_output/Manual/ErrorFiles/Filled_OMR_041.png","NA","","","","","","","","","","","","","","","","","","","","","","","","","","","","","","","","","","","","","","","","","","","","","","","","","","","","","","","","","","",""
"Filled_OMR_042.png","sample_images/Filled_OMR_042.png","omr_output/Manual/ErrorFiles/Filled_OMR_042.png","NA","","","","","","","","","","","","","","","","","","","","","","","","","","","","","","","","","","","","","","","","","","","","","","","","","","","","","","","","","","",""
"Filled_OMR_043.png","sample_images/Filled_OMR_043.png","omr_output/Manual/ErrorFiles/Filled_OMR_043.png","NA","","","","","","","","","","","","","","","","","","","","","","","","","","","","","","","","","","","","","","","","","","","","","","","","","","","","","","","","","","",""
"Filled_OMR_044.png","sample_images/Filled_OMR_044.png","omr_output/Manual/ErrorFiles/Filled_OMR_044.png","NA","","","","","","","","","","","","","","","","","","","","","","","","","","","","","","","","","","","","","","","","","","","","","","","","","","","","","","","","","","",""
"Filled_OMR_045.png","sample_images/Filled_OMR_045.png","omr_output/Manual/ErrorFiles/Filled_OMR_045.png","NA","","","","","","","","","","","","","","","","","","","","","","","","","","","","","","","","","","","","","","","","","","","","","","","","","","","","","","","","","","",""
"Filled_OMR_046.png","sample_images/Filled_OMR_046.png","omr_output/Manual/ErrorFiles/Filled_OMR_046.png","NA","","","","","","","","","","","","","","","","","","","","","","","","","","","","","","","","","","","","","","","","","","","","","","","","","","","","","","","","","","",""
"Filled_OMR_047.png","sample_images/Filled_OMR_047.png","omr_output/Manual/ErrorFiles/Filled_OMR_047.png","NA","","","","","","","","","","","","","","","","","","","","","","","","","","","","","","","","","","","","","","","","","","","","","","","","","","","","","","","","","","",""
"Filled_OMR_048.png","sample_images/Filled_OMR_048.png","omr_output/Manual/ErrorFiles/Filled_OMR_048.png","NA","","","","","","","","","","","","","","","","","","","","","","","","","","","","","","","","","","","","","","","","","","","","","","","","","","","","","","","","","","",""
"Filled_OMR_049.png","sample_images/Filled_OMR_049.png","omr_output/Manual/ErrorFiles/Filled_OMR_049.png","NA","","","","","","","","","","","","","","","","","","","","","","","","","","","","","","","","","","","","","","","","","","","","","","","","","","","","","","","","","","",""
"Filled_OMR_050.png","sample_images/Filled_OMR_050.png","omr_output/Manual/ErrorFiles/Filled_OMR_050.png","NA","","","","","","","","","","","","","","","","","","","","","","","","","","","","","","","","","","","","","","","","","","","","","","","","","","","","","","","","","","",""
